year,Afghanistan,Albania,Algeria,Angola,Argentina,Armenia,Aruba,Australia,Austria,Azerbaijan,Bahamas,Bahrain,Bangladesh,Barbados,Belarus,Belgium,Belize,Benin,Bhutan,Bolivia,Bosnia and Herzegovina,Botswana,Brazil,Brunei,Bulgaria,Burkina Faso,Burundi,Cambodia,Cameroon,Canada,Cape Verde,Central African Republic,Chad,Chile,China,Colombia,Comoros,"Congo, Dem. Rep.","Congo, Rep.",Costa Rica,Cote d'Ivoire,Croatia,Cuba,Cyprus,Czech Republic,Denmark,Djibouti,Dominican Republic,Ecuador,Egypt,El Salvador,Equatorial Guinea,Eritrea,Estonia,Ethiopia,Fiji,Finland,France,French Guiana,French Polynesia,Gabon,Gambia,Georgia,Germany,Ghana,Greece,Grenada,Guadeloupe,Guatemala,Guinea,Guinea-Bissau,Guyana,Haiti,Honduras,"Hong Kong, China",Hungary,Iceland,India,Indonesia,Iran,Iraq,Ireland,Israel,Italy,Jamaica,Japan,Jordan,Kazakhstan,Kenya,"Korea, Dem. Rep.","Korea, Rep.",Kuwait,Latvia,Lebanon,Lesotho,Liberia,Libya,Lithuania,Luxembourg,"Macao, China",Madagascar,Malawi,Malaysia,Maldives,Mali,Malta,Martinique,Mauritania,Mauritius,Mexico,"Micronesia, Fed. Sts.",Moldova,Mongolia,Montenegro,Morocco,Mozambique,Myanmar,Namibia,Nepal,Netherlands,Netherlands Antilles,New Caledonia,New Zealand,Nicaragua,Niger,Nigeria,Norway,Oman,Pakistan,Panama,Papua New Guinea,Paraguay,Peru,Philippines,Poland,Portugal,Puerto Rico,Qatar,Reunion,Romania,Russia,Rwanda,Samoa,Sao Tome and Principe,Saudi Arabia,Senegal,Serbia,Sierra Leone,Singapore,Slovak Republic,Slovenia,Solomon Islands,Somalia,South Africa,Spain,Sri Lanka,Sudan,Suriname,Swaziland,Sweden,Switzerland,Syria,Taiwan,Tajikistan,Tanzania,Thailand,Timor-Leste,Togo,Tonga,Trinidad and Tobago,Tunisia,Turkey,Turkmenistan,Uganda,Ukraine,United Arab Emirates,United Kingdom,United States,Uruguay,Uzbekistan,Vanuatu,Venezuela,Vietnam,West Bank and Gaza,"Yemen, Rep.",Zambia,Zimbabwe
1950,,,,,,,,8267337.0,6935100.0,,,,,,,8639369.0,65797.0,,,,,,,,7250500.0,,,,,14011422.0,,,,,,,,,,866982.0,,,5784797.0,,8925122.0,4271000.0,,,,,,,,,,,4008900.0,41828673.0,,,,,,68374572.0,,7566028.0,,,,,,,,,,9338000.0,142938.0,,,,,,,47105000.0,,83805000.0,,,,,,,,,,,961305.0,,295587.0,,,,,,,,,,,28485180.0,,2336432.0,,,,,,,,10113527.0,,,1908310.0,,,,3265126.0,,,,,,,,,8442750.0,2218000.0,,,,101936816.0,,,,,,,,,3463446.0,,,,,28062963.0,7533097.0,,,,7014005.0,4694000.0,,7981454.0,,,20041628.0,,,,,,,,5521758.0,36774854.0,,50127000.0,152271000.0,,,,,,,,,
1951,,,,,,,,8510600.0,6935451.0,,,,,,,8678386.0,,,,,,,,,7258200.0,,,,,14330675.0,,,,,,,,,,,,,,,9023170.0,4303620.0,,,,,,,,,,,4047300.0,42155534.0,,,,,,,,,,,,,,,,,,9423000.0,145604.0,,,,,2959311.0,,47418000.0,,85163848.0,,,,,,,,,,,,,,,,,,,,,,,,,,,,,,,,,,10264311.0,,,1947389.0,,,,3295871.0,,,,,,,,,8490250.0,,,,,,,,,,,,,,3508698.0,,,,,28298010.0,,,,,7072830.0,4749000.0,,8251326.0,,,,,,,,,,,,,,,154878000.0,,,,,,,,,
1952,8425333.0,1282697.0,9279525.0,4232095.0,17876956.0,,,8691212.0,6927772.0,,,120447.0,46886859.0,,,8730405.0,,1738315.0,,2883315.0,2791000.0,442308.0,56602560.0,,7274900.0,4469979.0,2445618.0,4693836.0,5009067.0,14785584.0,155037.0,1291695.0,2682462.0,6377619.0,556263527.0,12350771.0,153936.0,14100005.0,854885.0,926317.0,2977019.0,3882229.0,6007797.0,,9125183.0,4334000.0,63149.0,2491346.0,3548753.0,22223309.0,2042865.0,216964.0,1438760.0,,20860941.0,,4090500.0,42459667.0,,,420702.0,284320.0,,69145952.0,5581001.0,7733250.0,,,3146381.0,2664249.0,580653.0,,3201488.0,1517453.0,2125900.0,9504000.0,147962.0,372000000.0,82052000.0,17272000.0,5441766.0,2952156.0,1620914.0,47666000.0,1426095.0,86459025.0,607914.0,,6464046.0,8865488.0,20947571.0,160000.0,,1439529.0,748747.0,863308.0,1019729.0,,299263.0,,4762912.0,2917802.0,6748378.0,,3838168.0,,,1022556.0,516556.0,30144317.0,,,800663.0,413834.0,9939217.0,6446316.0,20092996.0,485831.0,9182536.0,10381988.0,,,1994794.0,1165790.0,3379468.0,33119096.0,3327728.0,507833.0,41346560.0,940080.0,,1555876.0,8025700.0,22438691.0,25730551.0,8526050.0,2227000.0,,257700.0,16630000.0,,2534927.0,,60011.0,4005677.0,2755589.0,6860147.0,2143249.0,1127000.0,3558137.0,1489518.0,,2526994.0,14264935.0,28549870.0,7982342.0,8504667.0,,290243.0,7124673.0,4815000.0,3661549.0,8550362.0,,8322925.0,21289402.0,,1219113.0,,662850.0,3647735.0,22235677.0,,5824797.0,,,50430000.0,157553000.0,2252965.0,,,5439568.0,26246839.0,1030585.0,4963829.0,2672000.0,3080907.0
1953,,,,,,,,8857924.0,6932483.0,,,,,,,8777873.0,,,,,,,,,7346100.0,,,,,15183375.0,,,,,581390000.0,,,,,,,,,,9220908.0,4369280.0,,,,,,,,,,,4139400.0,42751746.0,,,,,,,,,,,,,,,,,,9595000.0,151036.0,,,,,,,47957000.0,,87655163.0,,,,,,,,,,,,,,,,,,,,,,,,,,,,,,,,,,10493184.0,,,2047391.0,,,,3360888.0,,,,,,,,,8578950.0,,,,,,,,,,,,,,3598761.0,,,,,28804128.0,,,,,7171461.0,4878000.0,,8849962.0,,,,,,,,,,,,,,,160184000.0,,,,,,,,,
1954,,,,,,,,9064017.0,6940209.0,,,,,,,8819380.0,,,,,,,,,7423300.0,,,,,15636245.0,,,,,595310000.0,,,,,,,,,,9290617.0,4406000.0,,,,,,,,,,,4186900.0,43056505.0,,,,,,,,,,,,,,,,,,9706000.0,154563.0,,,,,,,48299000.0,,88753892.0,,,,,,,,,,,,,,,,,,,,,,,,,,,,,,,,,,10615380.0,,,2092779.0,,,,3394246.0,,,,,,,,,8632100.0,,,,,,,,,,,,,,3661437.0,,,,,29060413.0,,,,,7213490.0,4929000.0,,9159966.0,,,,,,,,,,,,,,,163026000.0,,,,,,,,,
1955,,,,,,,,9277087.0,6946885.0,,,,,,,8868475.0,,,,,,,,,7499400.0,,,,,16050356.0,,,,,608655000.0,,,,,,,,,,9365969.0,4439000.0,,,,,,,,,,,4234900.0,43427669.0,,,,,,,,,,,,,,,,,,9825000.0,158044.0,,,,,,,48633000.0,,89815060.0,,,,,,,,,,,,,,,,,,,,,,,,,,,,,,,,,,10750842.0,,,2136168.0,,,,3427409.0,,,,,,,,,8692600.0,,,,,,,,,,,,,,3726601.0,,,,,29318745.0,,,,,7262388.0,4980000.0,,9485858.0,,,,,,,,,,,,,,,165931000.0,,,,,,,,,
1956,,,,,,,,9500606.0,6952359.0,,,,,,,8923845.0,,,,,,,,,7575800.0,,,,,16445087.0,,,,,621465000.0,,,,,,,,,,9442040.0,4466471.0,,,,,,,,,,,4281700.0,43843075.0,,,,,,,,,,,,,,,,,,9911000.0,161358.0,,,,,,,48921000.0,,90766211.0,,,,,,,,,,,,,,,,,,,,,,,,,,,,,,,,,,10889351.0,,,2178289.0,,,,3459992.0,,,,,,,,,8756000.0,,,,,,,,,,,,,,3787111.0,,,,,29579142.0,,,,,7314552.0,5045000.0,,9825346.0,,,,,,,,,,,,,,,168903000.0,,,,,,,,,
1957,9240934.0,1476505.0,10270856.0,4561361.0,19610538.0,,,9712569.0,6965860.0,,,138655.0,51365468.0,,,8989111.0,,1925173.0,,3211738.0,3076000.0,474639.0,65551171.0,,7651254.0,4713416.0,2667518.0,5322536.0,5359923.0,17010154.0,179516.0,1392284.0,2894855.0,7048426.0,637408000.0,14485993.0,170928.0,15577932.0,940458.0,1112300.0,3300000.0,3991242.0,6640752.0,,9513758.0,4487831.0,71851.0,2923186.0,4058385.0,25009741.0,2355805.0,232922.0,1542611.0,,22815614.0,,4324000.0,44310863.0,,,434904.0,323150.0,,71019069.0,6391288.0,8096218.0,,,3640876.0,2876726.0,601095.0,,3507701.0,1770390.0,2736300.0,9839000.0,165110.0,409000000.0,90124000.0,19792000.0,6248643.0,2878220.0,1944401.0,49182000.0,1535090.0,91563009.0,746559.0,,7454779.0,9411381.0,22611552.0,212846.0,,1647412.0,813338.0,975950.0,1201578.0,,308453.0,,5181679.0,3221238.0,7739235.0,,4241884.0,,,1076852.0,609816.0,35015548.0,,,882134.0,442829.0,11406350.0,7038035.0,21731844.0,548080.0,9682338.0,11026383.0,,,2229407.0,1358828.0,3692184.0,37173340.0,3491938.0,561977.0,46679944.0,1063506.0,,1770902.0,9146100.0,26072194.0,28235346.0,8817650.0,2260000.0,,308700.0,17829327.0,,2822082.0,,61325.0,4419650.0,3054547.0,7271135.0,2295678.0,1445929.0,3844277.0,1533070.0,,2780415.0,16151549.0,29841614.0,9128546.0,9753392.0,,326741.0,7363802.0,5126000.0,4149908.0,10164215.0,,9452826.0,25041917.0,,1357445.0,,764900.0,3950849.0,25670939.0,,6675501.0,,,51430000.0,171984000.0,2424959.0,,,6702668.0,28998543.0,1070439.0,5498090.0,3016000.0,3646340.0
1958,,,,,,,,9915267.0,6987358.0,,,,,,,9052707.0,,,,,,,,,7727553.0,,,,,17462004.0,,,,,653235000.0,,,,,,,,,,9574650.0,4515132.0,,,,,,,,,,,4359800.0,44788852.0,,,,,,,,,,,,,,,,,,9882000.0,168771.0,,,,,,,49476000.0,,92388772.0,,,,,,,,,,,,,,,,,,,,,,,,,,,,,,,,,,11186875.0,,,2281533.0,,,,3522993.0,,,,,,,,28692576.0,8888550.0,,,,,,,,,,,,,,3899751.0,,,,,30106188.0,,,,,7409144.0,5199000.0,,10500314.0,,,,,,,,,,,,,,,174882000.0,,,,,,,,,
1959,,,,,,,,10131729.0,7014331.0,,,,,,,9103729.0,,,,,,,,,7797777.0,,,,,17872034.0,,,,,666005000.0,,,,,,,,,,9618554.0,4546636.0,,,,,,,,,,,4394700.0,45239729.0,,,,,,,,,,,,,,,,,,9937000.0,172314.0,,,,,,,49832000.0,,93296566.0,,,,,,,,,,,,,,,,,,,,,,,,,,,,,,,,,,11347639.0,,,2331122.0,,,,3552851.0,,,,,,,,29152334.0,8961550.0,,,,,,,,,,,,,,3946039.0,,,,,30372877.0,,,,,7446249.0,5259000.0,,10852996.0,,,,,,,,,,,,,,,177830000.0,,,,,,,,,
1960,,,,,,,,10361273.0,7047437.0,,,,,,,9118700.0,,,,,,,,,7867374.0,,,,,18266765.0,,,,,667070000.0,,,,,,,,,,9659818.0,4581000.0,,,,,,,,,,,4429600.0,45670000.0,,,,,,,,,,,,,,,,,,9983512.0,175860.0,,,,,,,50197600.0,,94091638.0,,,,,,,,,,,,,313969.0,,,,,,,,,,,,,,,,,,,,,11486000.0,,,2371746.0,,,,3581239.0,,,,,,,,29589842.0,9036700.0,,,,,,,,,,,,,,3994270.0,,,,,30641187.0,,,,,7480395.0,5362000.0,,11209160.0,,,,,,,,,,,,,,,180671000.0,,,,,,,,,
1961,,,,,,,,10598814.0,7086299.0,,,,,,,9165800.0,,,,,,,,,7943118.0,,,,,18634977.0,,,,,660330000.0,,,,,,,,,,9587250.0,4609817.0,,,,,,,,,,,4461004.0,46189000.0,,,,,,,,,,,,,,,,,,10029000.0,178905.0,,,,,,,50523200.0,,94943293.0,,,,,,,,,,,,,316845.0,,,,,,,,,,,,,,,,,,,,,11638713.0,,,2432450.0,,,,3609800.0,,,,,,,,29978949.0,9031200.0,,,,,,,,,,,,,,4191642.0,,,,,30903894.0,,,,,7519998.0,5512000.0,,11563348.0,,,,,,,,,,,,,,,183691000.0,,,,,,,,,
1962,10267083.0,1728137.0,11000948.0,4826015.0,21283783.0,,,10794968.0,7129864.0,,122902.0,171863.0,56839289.0,228747.0,,9218400.0,97594.0,2151895.0,,3593918.0,3349000.0,512764.0,76039390.0,,8012946.0,4919632.0,2961915.0,6083619.0,5793633.0,18985849.0,209878.0,1523478.0,3150417.0,7961258.0,665770000.0,17009885.0,191689.0,17486434.0,1047924.0,1345187.0,3832408.0,4076557.0,7254373.0,,9620282.0,4646899.0,89898.0,3453434.0,4681707.0,28173309.0,2747687.0,249220.0,1666618.0,,25145372.0,421869.0,4491443.0,47124000.0,,,455661.0,374020.0,,73739117.0,7355248.0,8448233.0,,,4208858.0,3140003.0,627820.0,597896.0,3880130.0,2090162.0,3305200.0,10063000.0,182053.0,454000000.0,99028000.0,22874000.0,7240260.0,2830000.0,2310904.0,50843200.0,1665128.0,95831757.0,933559.0,,8678557.0,10917494.0,26420307.0,358266.0,,1886848.0,893143.0,1112796.0,1441863.0,,320750.0,,5703324.0,3628608.0,8906385.0,,4690372.0,329011.0,,1146757.0,701016.0,41121485.0,,,1010280.0,474528.0,13056604.0,7788944.0,23634436.0,621392.0,10332057.0,11805689.0,,,2488550.0,1590597.0,4076008.0,41871351.0,3638919.0,628164.0,53100671.0,1215725.0,1837378.0,2009813.0,10516500.0,30325264.0,30329617.0,9019800.0,2448046.0,,358900.0,18680721.0,,3051242.0,,65345.0,4943029.0,3430243.0,7616060.0,2467895.0,1750200.0,4237384.0,1582962.0,,3080153.0,18356657.0,31158061.0,10421936.0,11183227.0,,370006.0,7561588.0,5666000.0,4834621.0,11918938.0,,10863958.0,29263397.0,,1528098.0,,887498.0,4286552.0,29788695.0,,7688797.0,,,53292000.0,186538000.0,2598466.0,,,8143375.0,33796140.0,1133134.0,6120081.0,3421000.0,4277736.0
1963,,,,,,,,11001483.0,7175811.0,,,,,,,9283100.0,,,,,,,,,8078145.0,,,,,19342841.0,,,,,682335000.0,,,,,,,,,,9666468.0,4683579.0,,,,,,,,,,,4523309.0,47808000.0,,,,,,,,,,,,,,,,,,10091000.0,185481.0,,,,,,,51198300.0,,96811940.0,,,,,,,,,,,,,324100.0,,,,,,,,,,,,,,,,,,,,,11965966.0,,,2541350.0,,,,3666540.0,,,,,,,,30662122.0,9081600.0,,,,,,,,,,,,,,4281858.0,,,,,31429834.0,,,,,7604328.0,5789000.0,,12276610.0,,,,,,,,,,,,,,,189242000.0,,,,,,,,,
1964,,,,,,,,11218304.0,7223801.0,,,,,,,9367000.0,,,,,,,,,8144339.0,,,,,19711053.0,,,,,698355000.0,,,,,,,,,,9726030.0,4720171.0,,,,,,,,,,,4548544.0,48340000.0,,,,,,,,,,,,,,,,,,10124000.0,188847.0,,,,,,,51600200.0,,97826267.0,,,,,,,,,,,,,327750.0,,,,,,,,,,,,,,,,,,,,,12127120.0,,,2591950.0,,,,3694339.0,,,,,,,,30975520.0,9122500.0,,,,,,,,,,,,,,4326174.0,,,,,31740862.0,,,,,7661354.0,5887000.0,,12631480.0,,,,,,,,,,,,,,,191889000.0,,,,,,,,,
1965,,,,,,,,11439384.0,7270889.0,,,,,,,9448100.0,,,,,,,,,8201400.0,,,,,20071104.0,,,,,715185000.0,,,,,,,,,,9776922.0,4758100.0,,,,,,,,,,,4563732.0,48763000.0,,,,,,,,,,,,,,,,,,10152934.0,192288.0,,,,,,,51987100.0,,98882534.0,,,,,,,2253604.0,,,,,,331500.0,,,,,,,,,,,,,,,,,,,,,12292000.0,,,2640400.0,,,,3723153.0,,,,,,,,31262358.0,9128850.0,,,,,,,,,,,,,,4369939.0,,,,,32084511.0,,,,,7733853.0,5943000.0,,12977635.0,,,,,,,,,,,,,,,194303000.0,,,,,,,,,
1966,,,,,,,,11655083.0,7322066.0,,,,,,,9507800.0,,,,,,,,,8258057.0,,,,,20448496.0,,,,,735400000.0,,,,,,,,,,9815359.0,4797500.0,,,,,,,,,,,4580869.0,49194000.0,,,,,,,,,,,,,,,,,,10184561.0,195610.0,,,,,,,52331600.0,,99790308.0,,,,,,,2278721.0,,,,,,333895.0,,,,,,,,,,,,,,,,,,,,,12454800.0,,,2687550.0,,,,3753628.0,,,,,,,,31532016.0,9108800.0,,,,,,,,,,,,,,4408988.0,,,,,32451975.0,,,,,7807797.0,5996000.0,,13321002.0,,,,,,,,,,,,,,,196560000.0,,,,,,,,,
1967,11537966.0,1984060.0,12760499.0,5247469.0,22934225.0,,,11872264.0,7376998.0,,151120.0,202182.0,62821884.0,238224.0,,9556500.0,113265.0,2427334.0,,4040665.0,3585000.0,553541.0,88049823.0,,8310226.0,5127935.0,3330989.0,6960067.0,6335506.0,20819767.0,246787.0,1733638.0,3495967.0,8858908.0,754550000.0,19764027.0,217378.0,19941073.0,1179760.0,1588717.0,4744870.0,4174366.0,8139332.0,,9835109.0,4838800.0,127617.0,4049146.0,5432424.0,31681188.0,3232927.0,259864.0,1820319.0,,27860297.0,485000.0,4605744.0,49569000.0,,102756.0,489004.0,439593.0,4564785.0,76368453.0,8490213.0,8716441.0,,,4690773.0,3451418.0,601287.0,672848.0,4318137.0,2500689.0,3722800.0,10223422.0,198676.0,506000000.0,109343000.0,26538000.0,8519282.0,2900100.0,2693585.0,52667100.0,1861096.0,100825279.0,1255058.0,,10191512.0,12617009.0,30131000.0,575003.0,2301371.0,2186894.0,996380.0,1279406.0,1759224.0,,335012.0,,6334556.0,4147252.0,10154878.0,,5212416.0,318573.0,,1230542.0,789309.0,47995559.0,,,1149500.0,501035.0,14770296.0,8680909.0,25870271.0,706640.0,11261690.0,12596822.0,,96094.0,2728150.0,1865490.0,4534062.0,47287752.0,3786019.0,714775.0,60641899.0,1405486.0,2102625.0,2287985.0,12132200.0,35356600.0,31785378.0,9103000.0,2648961.0,,414024.0,19284814.0,,3451079.0,,70787.0,5618198.0,3965841.0,7971222.0,2662190.0,1977600.0,4442238.0,1646912.0,151000.0,3428839.0,20997321.0,32850275.0,11737396.0,12716129.0,,420690.0,7867931.0,6063000.0,5680812.0,13648692.0,,12607312.0,34024249.0,,1735550.0,,960155.0,4786986.0,33411317.0,,8900294.0,,,54959000.0,198712000.0,2748579.0,,,9709552.0,39463910.0,1142636.0,6740785.0,3900000.0,4995432.0
1968,,,,,,,,12101660.0,7415403.0,,,,,,,9589800.0,,,,,,,,,8369603.0,,,,,21143100.0,,,,,774510000.0,,,,,,,,,,9851051.0,4867300.0,,,,,,,,,,,4626469.0,49934000.0,,,,,,,,,,,,,,,,,,10263542.0,201245.0,,,,,,,52986600.0,,101960672.0,,,,,,,2322031.0,,,,,,335867.0,,,,,,,,,,,,,,,,,,,,,12724680.0,,,2759000.0,,,,3818983.0,,,,,,,,32034813.0,9115050.0,,,,,,,,,,,,,,4471590.0,,,,,33239301.0,,,,,7912217.0,6132000.0,,13962358.0,,,,,,,,,,,,,,,200706000.0,,,,,,,,,
1969,,,,,,,,12379384.0,7441055.0,,,,,,,9612700.0,,,,,,,,,8434172.0,,,,,21448073.0,,,,,796025000.0,,,,,,,,,,9806577.0,4890687.0,,,,,,,,,,,4623785.0,50353000.0,,,,,,,,,,,,,,,,,,10302814.0,202920.0,,,,,,,53317000.0,,103171831.0,,,,,,,2341871.0,,,,,,337500.0,,,,,,,,,,,,,,,,,,,,,12873000.0,,,2788500.0,,,,3850977.0,,,,,,,,32280848.0,9097200.0,,,,,,,,,,,,,,4477625.0,,,,,33566084.0,,,,,7968018.0,6212000.0,,14282297.0,,,,,,,,,,,,,,,202677000.0,,,,,,,,,
1970,,,,,,,,12660160.0,7467086.0,,,,,,,9637800.0,,,,,,,,,8489574.0,,,,,21749986.0,,,,,818315000.0,,,,,,,,,,9795226.0,4928757.0,,,,,,,,,,,4606307.0,50787000.0,,,,,,,,,,,,,,,,,,10337004.0,204104.0,,,,,,,53661100.0,,104344973.0,,,,,,,2361159.0,,,,,,339174.0,,,,,,,,,,,,,,,,,,,,,13032335.0,,,2828050.0,,,,3877386.0,,,,,,,,32526000.0,9044200.0,,,,,,,,,,,,,,4523873.0,,,,,33876479.0,,,,,8042803.0,6267000.0,,14598316.0,,,,,,,,,,,,,,,205052000.0,,,,,,,,,
1971,,,,,,,,12937200.0,7500482.0,,,,,,,9672500.0,,,,,,,,,8536395.0,,,,,22026400.0,,,,,841105000.0,,,,,,,,,,9824749.0,4963126.0,,,,,,,,,,,4612124.0,51285000.0,,,,,,,,,,,,,,,,,,10364869.0,206092.0,,,,,,,54005500.0,,105696786.0,,,,,,,2381641.0,,,,,,342400.0,,,,,,,,,,,,,,,,,,,,,13193776.0,,,2875300.0,,,,3903039.0,,,,,,,,32777810.0,8990450.0,,,,,,,,,,,,,,4556627.0,,,,,34195056.0,,,,,8098328.0,6343293.0,,14918496.0,,,,,,,,,,,,,,,207661000.0,,,,,,,,,
1972,13079460.0,2263554.0,14760787.0,5894858.0,24779799.0,,59461.0,13177000.0,7544201.0,,178332.0,230800.0,70759295.0,242445.0,,9709100.0,127661.0,2761407.0,1087991.0,4565872.0,3819000.0,619351.0,100840058.0,141500.0,8576200.0,5433886.0,3529983.0,7450606.0,7021028.0,22284500.0,275392.0,1927260.0,3899068.0,9717524.0,862030000.0,22542890.0,250027.0,23007669.0,1340458.0,1834796.0,6071696.0,4225310.0,8831348.0,626300.0,9862158.0,4991596.0,178848.0,4671329.0,6298651.0,34807417.0,3790903.0,277603.0,2260187.0,,30770372.0,544000.0,4639657.0,51732000.0,,124000.0,537977.0,517101.0,4786475.0,78717088.0,9354120.0,8888628.0,96618.0,,5149581.0,3811387.0,625361.0,742869.0,4698301.0,2965146.0,4115700.0,10394091.0,209275.0,567000000.0,121282000.0,30614000.0,10061506.0,3024400.0,3095893.0,54365564.0,1997616.0,107188273.0,1613551.0,,12044785.0,14781241.0,33505000.0,841934.0,2401244.0,2680018.0,1116779.0,1482628.0,2183877.0,,346600.0,261202.0,7082430.0,4730997.0,11441462.0,122681.0,5828158.0,319430.0,,1332786.0,851334.0,55984294.0,60427.0,,1320500.0,527678.0,16660670.0,9809596.0,28466390.0,821782.0,12412593.0,13329874.0,163778.0,125500.0,2929100.0,2182908.0,5060262.0,53740085.0,3933004.0,829050.0,69325921.0,1616384.0,2416549.0,2614104.0,13954700.0,40850141.0,33039545.0,8970450.0,2847132.0,131794.0,461633.0,20662648.0,,3992121.0,,76595.0,6472756.0,4588696.0,8313288.0,2879013.0,2152400.0,4593433.0,1694510.0,174500.0,3840161.0,23935810.0,34513161.0,13016733.0,14597019.0,381410.0,480105.0,8122293.0,6401400.0,6701172.0,15226039.0,,14706593.0,39276153.0,,2056351.0,,975199.0,5303507.0,37492953.0,,10190285.0,,336325.0,56079000.0,209896000.0,2829526.0,,,11515649.0,44655014.0,1089572.0,7407075.0,4506497.0,5861135.0
1973,,,,,,,,13380400.0,7586115.0,,,,,,9236465.0,9738400.0,,,,,,,,,8620997.0,,,,,22559500.0,,,,,881940000.0,,,,,,,,,,9912080.0,5021861.0,,,,,,,,1410836.0,,,4666081.0,52157000.0,,,,,,,,,,,,,,,,,,10425984.0,212364.0,,,,,,,54796843.0,,108706797.0,,,,,,,2421355.0,,,,,3245551.0,350450.0,,,,,,,,,,,,,,,,,,,,,13438404.0,,,2992300.0,,,,3960613.0,,,,,,,,33331131.0,8975950.0,,,,,132556176.0,,,,,,,,,4637193.0,,,,,34836716.0,,,,,8136774.0,6441100.0,,15525588.0,,,,,,,,,,,,48367002.0,,,211909000.0,,,,,,,,,
1974,,,,,,,,13599100.0,7599038.0,,,,,,,9767800.0,,,,,,,,,8678745.0,,,,,22874700.0,,,,,900350000.0,,,,,,,,,,9975770.0,5045297.0,,,,,,,,,,,4690574.0,52503000.0,,,,,,,,,,,,,,,,,,10471272.0,215324.0,,,,,,,55226259.0,,110162302.0,,,,,,,2442473.0,,,,,,355050.0,,,,,,,,,,,,,,,,,,,,,13540584.0,,,3058400.0,,,,3985258.0,,,,,,,,33642890.0,9098300.0,,,,,,,,,,,,,,4682100.0,,,,,35184287.0,,,,,8160560.0,6460000.0,,15824103.0,,,,,,,,,,,,,,,213854000.0,,,,,,,,,
1975,,,,,,,,13771400.0,7578903.0,,,,,,,9794800.0,,,,,,,,,8720742.0,,,,,23209200.0,,,,,916395000.0,,,,,,,,,,10042019.0,5059861.0,,,,,,,,,,,4711439.0,52758427.0,,,,,,,,,,,,,,,,,,10531820.0,218031.0,,,,,,,55571894.0,,111573116.0,,,,,,,2461606.0,,,,,,358950.0,,,,,,,,,,,,,,,,,,,,,13653438.0,,,3117800.0,,,,4007313.0,,,,,,,,33969240.0,9411090.0,,,,,,,,,,,,,,4729718.0,,,,,35563535.0,,,,,8192566.0,6403500.0,,16122188.0,,,,,,,,,,,,,,,215973000.0,,,,,,,,,
1976,,,,,,,,13915500.0,7565525.0,,,,,,,9811000.0,,,,,,,,,8755037.0,,,,,23517500.0,,,,,930685000.0,,,,,,,,,,10105143.0,5072596.0,,,,,,,,,,,4725664.0,52953613.0,,,,,,,,,,,,,,,,,,10588729.0,220133.0,,,,,,,55838536.0,,112774841.0,,,,,,,2476760.0,,,,,,360750.0,,,,,,,,,,,,,,,,,,,,,13769913.0,,,3153550.0,,,,4026152.0,,,,,,,,34299428.0,9621970.0,,,,,,,,,,,,,,4778540.0,,,,,35996780.0,,,,,8222310.0,6333313.0,,16450056.0,,,,,,,,,,,,,,,218035000.0,,,,,,,,,
1977,14880372.0,2509048.0,17152804.0,6162675.0,26983828.0,,59412.0,14074100.0,7568430.0,,197499.0,297410.0,80428306.0,249169.0,,9821800.0,140578.0,3168267.0,1205659.0,5079716.0,4086000.0,781472.0,114313951.0,167216.0,8797022.0,5889574.0,3834415.0,6978607.0,7959865.0,23796400.0,285691.0,2167533.0,4388260.0,10599793.0,943455000.0,25094412.0,304739.0,26480870.0,1536769.0,2108457.0,7459574.0,4318673.0,9537988.0,598400.0,10161915.0,5088419.0,228694.0,5302800.0,7278866.0,38783863.0,4282586.0,192675.0,2512642.0,,34617799.0,599339.0,4738902.0,53165019.0,,138156.0,706367.0,608274.0,4963464.0,78160773.0,10538093.0,9308479.0,94280.0,,5703430.0,4227026.0,745228.0,758334.0,4908554.0,3055235.0,4583700.0,10637171.0,221823.0,634000000.0,136725000.0,35480679.0,11882916.0,3271900.0,3495918.0,56059245.0,2156814.0,113872473.0,1937652.0,,14500404.0,16325320.0,36436000.0,1140357.0,2491407.0,3115787.0,1251524.0,1703617.0,2721783.0,,361450.0,249116.0,8007166.0,5637246.0,12845381.0,140721.0,6491649.0,332066.0,,1456688.0,913025.0,63759976.0,70368.0,,1528000.0,560073.0,18396941.0,11127868.0,31528087.0,977026.0,13933198.0,13852989.0,170574.0,136000.0,3164900.0,2554598.0,5682086.0,62209173.0,4043205.0,1004533.0,78152686.0,1839782.0,2753462.0,2984494.0,15990099.0,46850962.0,34621254.0,9662600.0,3080828.0,188947.0,492095.0,21658597.0,,4657072.0,152748.0,86796.0,8128505.0,5260855.0,8686367.0,3140897.0,2325300.0,4827803.0,1746919.0,207339.0,4353666.0,27129932.0,36439000.0,14116836.0,17104986.0,360780.0,551425.0,8251648.0,6316424.0,7932503.0,16785196.0,,17129565.0,44148285.0,,2308582.0,90593.0,1039009.0,6005061.0,42404033.0,,11457758.0,,683672.0,56179000.0,220239000.0,2873520.0,,106000.0,13503563.0,50533506.0,1261091.0,8403990.0,5216550.0,6642107.0
1978,,,,,,,,14248600.0,7562305.0,,,,,,,9829700.0,,,,,,,,,8803281.0,,,,,24036300.0,,,,,956165000.0,,,,,,,,,,10212894.0,5104247.0,,,,,,,,,,,4752528.0,53380649.0,,,,,,,,,,,,,,,,,,10673300.0,223587.0,,,,,,,56240143.0,,114912911.0,,,,,,,2504508.0,,,,,,362100.0,,,,,,,,,,,,,,,,,,,,,13936754.0,,,3165800.0,,,,4058671.0,,,,,,,,34929072.0,9698780.0,,,,,,,,,,,,,,4876017.0,,,,,36861034.0,,,,,8275778.0,6332568.0,,17111535.0,,,,,,,,,,,,,,,222585000.0,,,,,,,,,
1979,,,,,,,,14421900.0,7549425.0,,,,,,,9837200.0,,,,,,,,,8811589.0,,,,,24276900.0,,,,,969005000.0,,,,,,,,,,10259670.0,5116800.0,,,,,,,,,,,4764690.0,53605523.0,,,,,,,,,,,,,,,,,,10698234.0,225749.0,,,,,,,56367710.0,,115890431.0,,,,,,,2514167.0,,,,,,363000.0,,,,,,,,,,,,,,,,,,,,,14030002.0,,,3164550.0,,,,4072517.0,,,,,,,,35256645.0,9724560.0,,,,,,,,,,,,,,4922558.0,,,,,37200014.0,,,,,8293723.0,6350840.0,,17450136.0,,,,,,,,,,,,,,,225055000.0,,,,,,,,,
1980,,,,,,,,14615900.0,7549433.0,,,,,,,9846800.0,,,,,,,,,8843528.0,,,,,24593300.0,,,,,981235000.0,,,,,,,,,,10288726.0,5123027.0,,,,,,,,,,,4779535.0,53869743.0,,,,,,,,,,,,,,,,,,10711122.0,228161.0,,,,,,,56451247.0,,116807309.0,,,,,,,2524543.0,,,,,,364400.0,,,,,,,,,,,,,,,,,,,,,14143901.0,,,3170150.0,,,,4085620.0,,,,,,,,35578016.0,9777800.0,,,,,,,,,,,,,,4965958.0,,,,,37488360.0,,,,,8310473.0,6385229.0,,17848320.0,,,,,,,,,,,,,,,227726463.0,,,,,,,,,
1981,,,,,,,,14923260.0,7564629.0,,,,,,,9852400.0,,,,,,,,,8869441.0,,,,,24900000.0,,,,,993861000.0,,,,,,,,,,10297904.0,5121572.0,,,,,,,,,,,4799964.0,54147284.0,,,,,,,,,,,,,,,,,,10711848.0,230803.0,,,,,,,56502489.0,,117648092.0,,,,,,,2536976.0,,,,,,365400.0,,,,,,,,,,,,,,,,,,,,,14246049.0,,,3185450.0,,,,4099702.0,,,,,,,,35901961.0,9850079.0,,,,,,,,,,,,,,5013692.0,,,,,37750800.0,,,,,8320485.0,6425450.0,,18177430.0,,,,,,,,,,,,,,,229966237.0,,,,,,,,,
1982,12881816.0,2780097.0,20033753.0,7016384.0,29341374.0,,61569.0,15184200.0,7574613.0,,219682.0,377967.0,93074406.0,253522.0,,9856303.0,153277.0,3641603.0,1333704.0,5642224.0,4172693.0,970347.0,128962939.0,199468.0,8892098.0,6634596.0,4580410.0,7272485.0,9250831.0,25201900.0,304586.0,2476971.0,4875118.0,11487112.0,1000281000.0,27764644.0,348643.0,30646495.0,1774735.0,2424367.0,9025951.0,4413368.0,9789224.0,624300.0,10303704.0,5117810.0,305991.0,5968349.0,8365850.0,45681811.0,4474873.0,285483.0,2637297.0,,38111756.0,658906.0,4826933.0,54433565.0,,160416.0,753874.0,715523.0,5101213.0,78335266.0,11400338.0,9786480.0,92112.0,,6395630.0,4710497.0,825987.0,761673.0,5198399.0,3669448.0,5264500.0,10705535.0,233997.0,708000000.0,153343000.0,43072751.0,14173318.0,3480000.0,3858421.0,56535636.0,2298309.0,118454974.0,2347031.0,,17661452.0,17647518.0,39326000.0,1497494.0,2552229.0,3086876.0,1411807.0,1956875.0,3344074.0,,365718.0,270811.0,9171477.0,6502825.0,14441916.0,164210.0,6998256.0,360222.0,,1622136.0,992040.0,71640904.0,82188.0,,1756032.0,562548.0,20198730.0,12587223.0,34680442.0,1099010.0,15796314.0,14310401.0,176526.0,145000.0,3210650.0,2979423.0,6437188.0,73039376.0,4114787.0,1301048.0,91462088.0,2036305.0,3139596.0,3366439.0,18125129.0,53456774.0,36227381.0,9859650.0,3279001.0,252300.0,517810.0,22356726.0,,5507565.0,158084.0,98593.0,11254672.0,6147783.0,9032824.0,3464522.0,2651869.0,5048043.0,1861252.0,250516.0,5828892.0,31140029.0,37983310.0,15410151.0,20367053.0,359611.0,649901.0,8325260.0,6468126.0,9410494.0,18501390.0,,19844382.0,48827160.0,,2644765.0,92201.0,1116479.0,6734098.0,47328791.0,,12939400.0,,1203634.0,56339704.0,232187835.0,2953997.0,,123745.0,15620766.0,56142181.0,1425876.0,9657618.0,6100407.0,7636524.0
1983,,,,,,,,15393500.0,7552896.0,,,,,,,9855520.0,,,,,,,,,8910284.0,,,,,25456300.0,,,,,,,,,,,,,,,10306888.0,5114297.0,,,,,,,,,,,4855787.0,54649810.0,,,,,,,,,,,,,,,,,,10689463.0,237041.0,,,,,,,56630129.0,,119269949.0,,,,,,,2569826.0,,,,,,365885.0,,,,,,,,,,,,,,,,,,,,,14362381.0,,,3245800.0,,,,4128432.0,,,,,,,,36571418.0,9872243.0,,,,,,,,,,,,,,5081376.0,1878555.0,,,,38184166.0,,,,,8329028.0,6501073.0,,18803390.0,,,,,,,,,,,,,,,234307207.0,,,,,,,,,
1984,,,,,,,,15579400.0,7554132.0,,,,,,,9855300.0,,,,,,,,,8928271.0,,,,,25701800.0,,,,,,,,,,,,,,,10309224.0,5111619.0,,,,,,,,,,,4881788.0,54946500.0,,,,,,,,,,,,,,,,,,10668095.0,239498.0,,,,,,,56696963.0,,120034697.0,,,,,,,2587996.0,,,,,,366272.0,,,,,,,,,,,,,,,,,,,,,14420022.0,,,3278900.0,,,,4140095.0,,,,,,,,36904134.0,9885387.0,,,,,,,,,,,,,,5114080.0,1896413.0,,,,38362861.0,,,,,8342621.0,6529684.0,,19083348.0,,,,,,,,,,,,,,,236348292.0,,,,,,,,,
1985,,,,,,,,15788300.0,7559776.0,,,,,,,9858200.0,,,,,,,,,8943573.0,,,,,25941600.0,,,,,,,,,,,,,,,10310162.0,5113691.0,,,,,,,,,,,4901783.0,55171224.0,,,,,,,,,,,,,,,,,,10648713.0,241403.0,,,,,,,56731215.0,,120754335.0,,,,,,,2606405.0,,,,,,367169.0,,,,,,,,,,,,,,,,,,,,,14491380.0,,,3298050.0,,,,4152419.0,,,,,,,,37225792.0,9897192.0,,,,,,,,,,,,,,5144632.0,1914220.0,,,,38534853.0,,,,,8356337.0,6563770.0,,19337363.0,,,,,,,,,,,,,,,238466283.0,,,,,,,,,
1986,,,,,,,,16018350.0,7568242.0,,,,,,,9861800.0,,,,,,,,,8958770.0,,,,,26203800.0,,,,,,,,,,,,,,,10308836.0,5120534.0,,,,,,,,,,,4917386.0,55387361.0,,,,,,,,,,,,,,,,,,10630563.0,242999.0,,,,,,,56733833.0,,121491913.0,,,,,,,2626695.0,,,,,,369019.0,,,,,,,,,,,,,,,,,,,,,14571875.0,,,3308300.0,,,,4166596.0,,,,,,,,37504275.0,9907411.0,,,,,,,,,,,,,,5172084.0,1932129.0,,,,38707556.0,,,,,8384069.0,6603192.0,,19555581.0,,,,,,,,,,,,,,,240650755.0,,,,,,,,,
1987,13867957.0,3075321.0,23254956.0,7874230.0,31620918.0,,65415.0,16257249.0,7578903.0,,244042.0,454612.0,103764241.0,259428.0,,9870200.0,176347.0,4243788.0,1490857.0,6156369.0,4338977.0,1151184.0,142938076.0,235357.0,8971958.0,7586551.0,5126023.0,8371791.0,10780667.0,26549700.0,330779.0,2840009.0,5498955.0,12463354.0,1084035000.0,30964245.0,395114.0,35481645.0,2064095.0,2799811.0,10761098.0,4484310.0,10239839.0,659400.0,10311597.0,5127024.0,311025.0,6655297.0,9545158.0,52799062.0,4842194.0,341244.0,2915959.0,,42999530.0,719574.0,4931729.0,55630100.0,,185839.0,880397.0,848406.0,5239970.0,77718298.0,14168101.0,9974490.0,92719.0,,7326406.0,5650262.0,927524.0,755464.0,5756203.0,4372203.0,5584510.0,10612740.0,244676.0,788000000.0,169276000.0,51889696.0,16543189.0,3539900.0,4203148.0,56729703.0,2326606.0,122091325.0,2820042.0,,21198082.0,19067554.0,41622000.0,1891487.0,2648965.0,3089353.0,1599200.0,2269414.0,3799845.0,,371660.0,322983.0,10568642.0,7824747.0,16331785.0,194783.0,7634008.0,349047.0,,1841240.0,1042663.0,80122492.0,97727.0,,2015133.0,569473.0,22987397.0,12891952.0,38028578.0,1278184.0,17917180.0,14665278.0,185666.0,158737.0,3317166.0,3344353.0,7332638.0,81551520.0,4186147.0,1593882.0,105186881.0,2253639.0,3548932.0,3886512.0,20195924.0,60017788.0,37740710.0,9915289.0,3444468.0,402134.0,562035.0,22686371.0,,6349365.0,166575.0,110812.0,14619745.0,7171347.0,9230783.0,3868905.0,2794552.0,5199318.0,1945870.0,300694.0,6921858.0,35933379.0,38880702.0,16495304.0,24725960.0,382559.0,779348.0,8421403.0,6649942.0,11242847.0,19757799.0,,23040630.0,52910342.0,,3154264.0,93982.0,1191336.0,7724976.0,52881328.0,,15283050.0,,1778365.0,56981620.0,242803533.0,3045153.0,,142207.0,17910182.0,62826491.0,1691210.0,11219340.0,7272406.0,9216418.0
1988,,,,,,,,16520206.0,7599791.0,,,,,,,9884000.0,,,,,,,,,8982025.0,,,,,26894800.0,,,,,,,,,,,,,,,10313782.0,5129516.0,,,,,,,,,,,4946633.0,55873463.0,,,,,,,,,,,,,,,,,,10442500.0,249885.0,,,,,,,56734027.0,,122613000.0,,,,,,,2664068.0,,,,,,375624.0,,,,,,,,,,,,,,,,,,,,,14761339.0,,,3331205.0,,,,4208729.0,,,,,,,,37866840.0,9920611.0,,,,,,,,,,,,,,5223222.0,1961775.0,,,,39053881.0,,,,,8469339.0,6704112.0,,19976096.0,,,,,,,,,,,,,,,245021414.0,,,,,,,,,
1989,,,,,,,,16780235.0,7627861.0,,,,,,,9937697.0,,,,,,,,,8990055.0,,,,,27379300.0,,,,,,,,,,,,,,,10314343.0,5132593.0,,,,,,,,,,,4962441.0,56416625.0,,,,,,,,,,,,,,,,,,10397959.0,252746.0,,,,,,,56737529.0,,123107500.0,,,,,,,2667309.0,,,,,,377621.0,,,,,,,,,,,,,,,,,,,,,14848907.0,,,3341632.0,,,,4226142.0,,,,,,,,37970155.0,9923147.0,,,,,,,,,,,,,,5244662.0,1976217.0,,,,39214523.0,,,,,8526276.0,6763653.0,,20207541.0,,,,,,,,,,,,,,,247341697.0,,,,,,,,,
1990,,,,,,,,17022133.0,7722953.0,,,,,,10215208.0,9969310.0,,,,,,,,,8894028.0,,,,,27790600.0,,,,,,,,,,,,,,,10309514.0,5140954.0,,,,,,,,1569322.0,,,4986431.0,56735161.0,,,,,,,,,,,,,,,,,,10371878.0,254719.0,,,,,,,56742886.0,,123537399.0,,,,,,,2663590.0,,,,,3694836.0,382966.0,,,,,,,,,,,,,,,,,,,,,14951510.0,,,3359604.0,,,,4242006.0,,,,,,,,38119408.0,9922689.0,,,,,147974148.0,,,,,,,,,5262616.0,1991210.0,,,,39350769.0,,,,,8600815.0,6836626.0,,20278957.0,,,,,,,,,,,,51622275.0,,,250131894.0,,,,,,,,,
1991,,,,,,,,17257526.0,7818423.0,,,,,,10244639.0,10004487.0,,,,,,,,,8772368.0,,,,,28117600.0,,,,,,,,,,,,,,,10305158.0,5154352.0,,,,,,,,1559547.0,,,5013786.0,57055448.0,,,,,,79984244.0,,,,,,,,,,,,10364737.0,256831.0,,,,,,,56747462.0,,123946268.0,,,,,,,2651308.0,,,,,3702136.0,387152.0,,,,,,,,,,,,,,,,,,,,,15066220.0,,,3396964.0,,,,4261733.0,,,,,,,,38253222.0,9919009.0,,,,,148299817.0,,,,,,,,,5281610.0,1999480.0,,,,39461418.0,,,,,8668112.0,6920562.0,,20492997.0,,,,,,,,,,,,51730355.0,,,253492503.0,,,,,,,,,
1992,16317921.0,3326498.0,26298373.0,8735988.0,33958947.0,3378331.0,67174.0,17481977.0,7914969.0,7413618.0,264085.0,529491.0,113704579.0,264925.0,10306362.0,10045622.0,200798.0,4981671.0,1673428.0,6893451.0,4256013.0,1342614.0,155975974.0,273701.0,8658506.0,8878303.0,5809236.0,10150094.0,12467171.0,28523502.0,,3265124.0,6429417.0,13572994.0,1164970000.0,34202721.0,454429.0,41672143.0,2409073.0,3173216.0,12772596.0,4494013.0,10723260.0,707285.0,10315702.0,5171393.0,384156.0,7351181.0,10748394.0,59402198.0,5274649.0,387838.0,3668440.0,1528715.0,52088559.0,750242.0,5041039.0,57374179.0,,212174.0,985739.0,1025384.0,5355289.0,80597764.0,16278738.0,10325429.0,91487.0,,8486949.0,6990574.0,1050938.0,747460.0,6326682.0,5077347.0,5829696.0,10348684.0,259012.0,872000000.0,184816000.0,60397973.0,17861905.0,3557761.0,4936550.0,56840847.0,2378618.0,124329269.0,3867409.0,16542063.0,25020539.0,20711375.0,43805450.0,1418095.0,2615869.0,3219994.0,1803195.0,1912974.0,4364501.0,3700278.0,392552.0,375382.0,12210395.0,10014249.0,18319502.0,232026.0,8416215.0,365897.0,,2119465.0,1096202.0,88111030.0,114694.0,4448083.0,2312802.0,621621.0,25798239.0,13160731.0,40546538.0,1554253.0,20326209.0,15174244.0,192002.0,175612.0,3437674.0,4017939.0,8392818.0,93364244.0,4286357.0,1915208.0,120065004.0,2484997.0,4024135.0,4483945.0,22430449.0,67185766.0,38370697.0,9927680.0,3585176.0,529399.0,622191.0,22797027.0,148401650.0,7290203.0,174011.0,125911.0,16945857.0,8307920.0,9826397.0,4260884.0,3235865.0,5302888.0,1999210.0,358713.0,6099799.0,39964159.0,39549438.0,17587060.0,28227588.0,402943.0,962344.0,8718867.0,6995447.0,13219062.0,20686918.0,5600694.0,26605473.0,56667095.0,796343.0,3747553.0,92094.0,1183669.0,8523077.0,58179144.0,3848424.0,18252190.0,51869109.0,2048857.0,57866349.0,256894189.0,3149262.0,21614451.0,161399.0,20265563.0,69940728.0,2104779.0,13367997.0,8381163.0,10704340.0
1993,,,,,,,,17688687.0,7988599.0,,,,,,10360516.0,10085426.0,,,,,,,,,8441872.0,,,,,28920644.0,,,,,,,,,,,,,,,10326434.0,5188386.0,,,,,,,,1491426.0,,,5064846.0,57658289.0,,,,,,81132272.0,,,,,,,,,,,,10329012.0,261270.0,,,,,,,57026746.0,,124668019.0,,,,,,,2565708.0,,,,,3689004.0,398084.0,,,,,,,,,,,,,,,,,,,,,15274942.0,,,3475061.0,,,,4311964.0,,,,,,,,38467746.0,9967832.0,,,,,148392385.0,,,,,,,,,5323577.0,1999926.0,,,,39627587.0,,,,,8769284.0,7058211.0,,20883467.0,,,,,,,,,,,,51887112.0,,,260255352.0,,,,,,,,,
1994,,,,,,,,17892557.0,8027540.0,,,,,,10387841.0,10122914.0,,,,,,,,,8353335.0,,,,,29262472.0,,,,,,,,,,,,,,,10330165.0,5205603.0,,,,,,,,1467535.0,,,5086044.0,57906847.0,,,,,,81414164.0,,,,,,,,,,,,10312714.0,266075.0,,,,,,,57179460.0,,125014050.0,,,,,,,2523532.0,,,,,3679636.0,403756.0,,,,,,,,,,,,,,,,,,,,,15382198.0,,,3517261.0,,,,4336638.0,,,,,,,,38548296.0,10027688.0,,,,,148446239.0,,,,,,,,,5345264.0,2001036.0,,,,39690971.0,,,,,8831493.0,7114530.0,,21087873.0,,,,,,,,,,,,51637611.0,,,263435673.0,,,,,,,,,
1995,,,,,,,,18116171.0,8047433.0,,,,,,10403989.0,10155459.0,,,,,,,,,8255811.0,,,,,29619002.0,,,,,,,,,,,,,,,10323830.0,5232612.0,,,,,,,,1446509.0,,,5104654.0,58149727.0,,,,,,81653702.0,,,,,,,,,,,,10295874.0,267527.0,,,,,,,57274531.0,,125341354.0,,,,,,,2488008.0,,,,,3673577.0,409704.0,,,,,,,,,,,,,,,,,,,,,15459054.0,,,3565990.0,,,,4359101.0,,,,,,,,38600642.0,10065543.0,,,,,148495015.0,,,,,,,,,5361594.0,2002827.0,,,,39749715.0,,,,,8877890.0,7157106.0,,21282829.0,,,,,,,,,,,,51247259.0,,,266557091.0,,,,,,,,,
1996,,,,,,,,18348078.0,8060852.0,,,,,,10408773.0,10178934.0,,,,,,,,,8161026.0,,,,,29983162.0,,,,,,,,,,,,,,,10311817.0,5262075.0,,,,,,,,1427827.0,,,5120310.0,58388408.0,,,,,,81890667.0,,,,,,,,,,,,10273591.0,269000.0,,,,,,,57367032.0,,125645311.0,,,,,,,2460277.0,,,,,3668316.0,415566.0,,,,,,,,,,,,,,,,,,,,,15527809.0,,,3621200.0,,,,4381277.0,,,,,,,,38629842.0,10099918.0,,,,,148318876.0,,,,,,,,,5373190.0,2007429.0,,,,39803829.0,,,,,8892234.0,7181024.0,,21448723.0,,,,,,,,,,,,50812520.0,,,269667391.0,,,,,,,,,
1997,22227415.0,3428038.0,29072015.0,9875024.0,36203463.0,3059000.0,68341.0,18565243.0,8069876.0,7695123.0,281577.0,598561.0,123315288.0,270096.0,10404210.0,10199787.0,228884.0,6066080.0,1876236.0,7693188.0,3607000.0,1536536.0,168546719.0,313563.0,8066057.0,10352843.0,6121610.0,11782962.0,14195809.0,30305843.0,388383.0,3696513.0,7562011.0,14599929.0,1230075000.0,37657830.0,527982.0,47798986.0,2800947.0,3518107.0,14625967.0,4444595.0,10983007.0,743728.0,10300707.0,5283663.0,417908.0,7992357.0,11911819.0,66134291.0,5783439.0,439971.0,4058319.0,1413351.0,59861301.0,797890.0,5134406.0,58623428.0,,235770.0,1126189.0,1235767.0,4883476.0,82011073.0,18418288.0,10502372.0,90005.0,,9803875.0,8048834.0,1193708.0,746336.0,6913545.0,5867957.0,6495918.0,10244684.0,271192.0,959000000.0,199278000.0,63327987.0,20775703.0,3667233.0,5531387.0,57479469.0,2531311.0,125956499.0,4526235.0,15484518.0,28263827.0,21585105.0,46173816.0,1765345.0,2435967.0,3430388.0,1982823.0,2200725.0,4759670.0,3664372.0,421014.0,417129.0,14165114.0,10419991.0,20476091.0,274366.0,9384984.0,382953.0,,2444741.0,1149818.0,95895146.0,106911.0,4441779.0,2494803.0,692651.0,28529501.0,16603334.0,43247867.0,1774766.0,23001113.0,15604464.0,203533.0,192347.0,3676187.0,4609572.0,9666252.0,106207839.0,4405672.0,2283635.0,135564834.0,2734531.0,4571004.0,5154123.0,24748122.0,75012988.0,38654957.0,10156415.0,3759430.0,667336.0,684810.0,22562458.0,148077459.0,7212583.0,180418.0,145608.0,21229759.0,9535314.0,10336594.0,4578212.0,3802309.0,5383010.0,2011612.0,424265.0,6633514.0,42835005.0,39855442.0,18698655.0,32160729.0,420899.0,1054486.0,8897619.0,7193761.0,15081016.0,21628605.0,6070759.0,30686889.0,60216677.0,918738.0,4320890.0,97399.0,1138101.0,9231669.0,63047647.0,4267070.0,21210254.0,50369926.0,2254266.0,58808266.0,272911760.0,3262838.0,23596577.0,179428.0,22374398.0,76048996.0,2826046.0,15826497.0,9417789.0,11404948.0
1998,,,,,,,,18768789.0,8078622.0,,,,,,10394407.0,10217030.0,,,,,,,,,7971774.0,,,,,30628924.0,,,,,,,,,,,,,,,10290949.0,5302767.0,,,,,,,,1400972.0,,,5146983.0,58866290.0,,,,,,82023672.0,,,,,,,,,,,,10211127.0,274000.0,,,,,,,57550318.0,,126246096.0,,,,,,,2413173.0,,,,,3661168.0,426495.0,,,,,,,,,,,,,,,,,,,,,15699259.0,,,3726214.0,,,,4432718.0,,,,,,,,38668756.0,10224828.0,,,,,147826912.0,,,,,,,,,5390236.0,2010807.0,,,,39906235.0,,,,,8902684.0,7207995.0,,21823024.0,,,,,,,,,,,,49938798.0,,,276115288.0,,,,,,,,,
1999,,,,,,,,18968247.0,8094156.0,,,,,,10382370.0,10235655.0,,,,,,,,,7893227.0,,,,,30957019.0,,,,,,,,,,,,,,,10280436.0,5320134.0,,,,,,,,1389756.0,,,5158097.0,59116128.0,,,,,,82074778.0,,,,,,,,,,,,10172673.0,277280.0,,,,,,,57603634.0,,126494403.0,,,,,,,2393657.0,,,,,3658454.0,432527.0,,,,,,,,,,,,,,,,,,,,,15801947.0,,,3774096.0,,,,4463377.0,,,,,,,,38665539.0,10283381.0,,,,,147369604.0,,,,,,,,,5395739.0,2009653.0,,,,39953263.0,,,,,8909790.0,7232809.0,,21993460.0,,,,,,,,,,,,49487245.0,,,279294713.0,,,,,,,,,
2000,,,,,,,,19164620.0,8113413.0,,,,,,10366719.0,10263618.0,,,,,,,,,7818495.0,,,,,31278097.0,,,,,,,,,,,,,,,10270128.0,5337416.0,,,,,,,,1379835.0,,,5168595.0,59381628.0,,,,,,82187909.0,,,,,,,,,,,,10137449.0,281043.0,,,,,,,57719337.0,,126699784.0,,,,,,,2376178.0,,,,,3654387.0,438777.0,,,,,,,,,,,,,,,,,,,,,15907853.0,,,3819762.0,,,,4492400.0,,,,,,,,38654164.0,10335597.0,,,,,146731774.0,,,,,,,,,5400320.0,2010557.0,,,,40016081.0,,,,,8923569.0,7266920.0,,22151237.0,,,,,,,,,,,,49007559.0,,,282338631.0,,,,,,,,,
2001,,,,,,,,19357594.0,8131690.0,,,,,,10350194.0,10291679.0,,,,,,,,,7738416.0,,,,,31592805.0,,,,,,,,,,,,,,,10262308.0,5355826.0,,,,,,,,1369983.0,,,5180309.0,59658144.0,,,,,,82280551.0,,,,,,,,,,,,10109467.0,284812.0,,,,,,,57844924.0,,126891645.0,,,,,,,2358232.0,,,,,3645747.0,444779.0,,,,,,,,,,,,,,,,,,,,,16017445.0,,,3864129.0,,,,4515195.0,,,,,,,,38643641.0,10386753.0,,,,,146018987.0,,,,,,,,,5404681.0,2011179.0,,,,40087104.0,,,,,8939915.0,7311237.0,,22303700.0,,,,,,,,,,,,48510505.0,,,285023886.0,,,,,,,,,
2002,25268405.0,3508512.0,31287142.0,10866106.0,38331121.0,3013818.0,70441.0,19546792.0,8148312.0,7798497.0,295131.0,656397.0,135656790.0,275673.0,10335382.0,10311970.0,261138.0,7026113.0,2094176.0,8445134.0,4165416.0,1630347.0,179914212.0,350898.0,7661799.0,12251209.0,7021078.0,12926707.0,15929988.0,31902268.0,408760.0,4048013.0,8835739.0,15497046.0,1280400000.0,41008227.0,614382.0,55379852.0,3328795.0,3834934.0,16252726.0,4481020.0,11226999.0,767314.0,10256295.0,5374693.0,447416.0,8650322.0,12921234.0,73312559.0,6353681.0,495627.0,4414865.0,1360122.0,67946797.0,856346.0,5193039.0,59925035.0,182333.0,257847.0,1299304.0,1457766.0,4728357.0,82350671.0,20550751.0,10603863.0,89211.0,435739.0,11178650.0,8807818.0,1332459.0,759104.0,7607651.0,6677328.0,6762476.0,10083313.0,288030.0,1034172547.0,211060000.0,66907826.0,24001816.0,3879155.0,6029529.0,57926999.0,2664659.0,127065841.0,5307470.0,15077224.0,31386842.0,22215365.0,47969150.0,2111561.0,2340205.0,3677780.0,2046772.0,2814651.0,5368585.0,3633232.0,450786.0,437794.0,16473477.0,11824495.0,22662365.0,320165.0,10580176.0,393515.0,422277.0,2828858.0,1200206.0,102479927.0,108071.0,4434547.0,2674234.0,720230.0,31167783.0,18473780.0,45598081.0,1972153.0,25873917.0,16122830.0,214258.0,207858.0,3908037.0,5146848.0,11140655.0,119901274.0,4535591.0,2713462.0,153403524.0,2990875.0,5172033.0,5884491.0,26769436.0,82995088.0,38625976.0,10433867.0,3859606.0,793341.0,743981.0,22404337.0,145266326.0,7852401.0,178631.0,170372.0,24501530.0,10870037.0,10111559.0,5359092.0,4197776.0,5410052.0,2011497.0,494786.0,7753310.0,44433622.0,40152517.0,19576783.0,37090298.0,433682.0,1130269.0,8954175.0,7361757.0,17155814.0,22454239.0,6719567.0,34593779.0,62806748.0,952618.0,4977378.0,106137.0,1101832.0,9770575.0,67308928.0,4688963.0,24739869.0,48058877.0,2445989.0,59912431.0,287675526.0,3363085.0,25563441.0,196178.0,24287670.0,80908147.0,3389578.0,18701257.0,10595811.0,11926563.0
2003,,,,,,,,19731984.0,8162656.0,,,,,,10322151.0,10330824.0,,,,,,,,,7588399.0,,,,,32207113.0,,,,,,,,,,,,,,,10251087.0,5394138.0,,,,,,,,1350722.0,,,5204405.0,60180529.0,,,,,,82398326.0,,,,,,,,,,,,10057745.0,291064.0,,,,,,,57998353.0,,127214499.0,,,,,,,2322943.0,,,,,3620094.0,456764.0,,,,,,,,,,,,,,,,,,,,,16223248.0,,,3951307.0,,,,4555400.0,,,,,,,,38602853.0,10479955.0,,,,,144586191.0,,,,,,,,,5416406.0,2011604.0,,,,40217413.0,,,,,8970306.0,7408319.0,,22603000.0,,,,,,,,,,,,47668303.0,,,290342554.0,,,,,,,,,
2004,,,,,,,,19913144.0,8174762.0,,,,,,10310520.0,10348276.0,,,,,,,,,7517973.0,,,,,32507874.0,,,,,,,,,,,,,,,10246178.0,5413392.0,,,,,,,,1341664.0,,,5214512.0,60424213.0,,,,,,82424609.0,,,,,,,,,,,,10032375.0,293966.0,,,,,,,58057477.0,,127333002.0,,,,,,,2306306.0,,,,,3607899.0,462690.0,,,,,,,,,,,,,,,,,,,,,16318199.0,,,,,,,4574560.0,,,,,,,,38580445.0,10524145.0,,,,,143974059.0,,,,,,,,,5423567.0,2011473.0,,,,40280780.0,,,,,8986400.0,7450867.0,,22749838.0,,,,,,,,,,,,47309706.0,,,293027571.0,,,,,,,,,
2005,,,,,,,,,8184691.0,,,,,,10300483.0,10364388.0,,,,,,,,,7450349.0,,,,,32805041.0,,,,,,,,,,,,,,,10241138.0,5432335.0,,,,,,,,1332893.0,,,5223442.0,60656178.0,,,,,,82431390.0,,,,,,,,,,,,10006835.0,296737.0,,,,,,,,,127417244.0,,,,,,,2290237.0,,,,,3596617.0,468571.0,,,,,,,,,,,,,,,,,,,,,16407491.0,,,,,,,4593041.0,,,,,,,,38557984.0,10566212.0,,,,,143420309.0,,,,,,,,,5431363.0,2011070.0,,,,40341462.0,,,,,9001774.0,7489370.0,,22894384.0,,,,,,,,,,,,46996765.0,,,295734134.0,,,,,,,,,
2006,,,,,,,,,,,,,,,,,,,,,,,,,,,,,,,,,,,,,,,,,,,,,10235455.0,5450661.0,,,,,,,,,,,5231372.0,,,,,,,82422299.0,,,,,,,,,,,,,299388.0,,,,,,,,,127463611.0,,,,,,,,,,,,,,,,,,,,,,,,,,,,,,,,,,16491461.0,,,,,,,4610820.0,,,,,,,,38536869.0,10605870.0,,,,,142893540.0,,,,,,,,,5439448.0,2010347.0,,,,40397842.0,,,,,9016596.0,7523934.0,,23036087.0,,,,,,,,,,,,46710816.0,,,,,,,,,,,,
2007,31889923.0,3600523.0,33333216.0,12420476.0,40301927.0,2971650.0,72194.0,20434176.0,8199783.0,8017309.0,305655.0,708573.0,150448339.0,280946.0,10289007.0,10392226.0,294385.0,8078314.0,2327849.0,9119152.0,4552198.0,1639131.0,190010647.0,386511.0,7322858.0,14326203.0,8390505.0,14131858.0,17696293.0,33390141.0,423613.0,4369038.0,10238807.0,16284741.0,1318683096.0,44227550.0,710960.0,64606759.0,3800610.0,4133884.0,18013409.0,4493312.0,11416987.0,788457.0,10228744.0,5468120.0,496374.0,9319622.0,13755680.0,80264543.0,6939688.0,551201.0,4906585.0,1315912.0,76511887.0,918675.0,5238460.0,61083916.0,,278633.0,1454867.0,1688359.0,4646003.0,82400996.0,22873338.0,10706290.0,89971.0,,12572928.0,9947814.0,1472041.0,769095.0,8502814.0,7483763.0,6980412.0,9956108.0,301931.0,1110396331.0,223547000.0,69453570.0,27499638.0,4109086.0,6426679.0,58147733.0,2780132.0,127467972.0,6053193.0,15284929.0,35610177.0,23301725.0,49044790.0,2505559.0,2259810.0,3921278.0,2012649.0,3193942.0,6036914.0,3575439.0,,456989.0,19167654.0,13327079.0,24821286.0,369031.0,12031795.0,401880.0,,3270065.0,1250882.0,108700891.0,107862.0,4480560.0,2874127.0,684736.0,33757175.0,19951656.0,47761980.0,2055080.0,28901790.0,16570613.0,223472.0,221943.0,4115771.0,5675356.0,12894865.0,135031164.0,4627926.0,3204897.0,169270617.0,3242173.0,5795887.0,6667147.0,28674757.0,91077287.0,38518241.0,10642836.0,3942491.0,907229.0,798094.0,22276056.0,142369485.0,8860588.0,176615.0,199579.0,27601038.0,12267493.0,10150265.0,6144562.0,4553009.0,5447502.0,2009245.0,566842.0,9118773.0,43997828.0,40448191.0,20378239.0,42292929.0,439894.0,1133066.0,9031088.0,7554661.0,19314747.0,23174294.0,7484274.0,38139640.0,65068149.0,1084971.0,5701579.0,116921.0,1056608.0,10276158.0,71158647.0,5136262.0,29170398.0,46435909.0,2642566.0,60776238.0,301139947.0,3447496.0,27780059.0,211971.0,26084662.0,85262356.0,4018332.0,22211743.0,11746035.0,12311143.0
